letter	frequency
Lu	0.08167
Ma	0.01492
Mi	0.02782
Ju	0.04253
Vi	0.12702
Sa	0.02288
Do	0.02015