letter	frequency
L	0.08167
M	0.01492
M	0.02782
J	0.04253
V	0.12702
S	0.02288
D	0.02015